{
    "best_C": 0.3,
    "best_score": 0.5801526717557252,
    "best_nonzero_count": 25,
    "metric": "accuracy",
    "scores": {
        "1": 0.5343511450381679,
        "0.3": 0.5801526717557252,
        "0.1": 0.5267175572519084,
        "0.05": 0.4198473282442748,
        "0.03": 0.4198473282442748,
        "0.02": 0.4198473282442748,
        "0.015": 0.5801526717557252,
        "0.01": 0.5801526717557252,
        "0.007": 0.5801526717557252,
        "0.005": 0.5801526717557252,
        "0.003": 0.5801526717557252,
        "0.002": 0.5801526717557252,
        "0.001": 0.5801526717557252,
        "0.0007": 0.5801526717557252,
        "0.0005": 0.5801526717557252,
        "0.0003": 0.5801526717557252,
        "0.0001": 0.5801526717557252
    }
}