{
    "best_alpha": 2.7,
    "best_score": 0.5486018641810919,
    "scores": {
        "1e-05": 0.5139813581890812,
        "3e-05": 0.5019973368841545,
        "0.0001": 0.5064358632933866,
        "0.0003": 0.4977807367953839,
        "0.001": 0.4931202840656902,
        "0.003": 0.5368397691966267,
        "0.01": 0.5215268530847759,
        "0.03": 0.5115401686640035,
        "0.1": 0.5486018641810919,
        "0.3": 0.5486018641810919,
        "1": 0.5486018641810919,
        "2": 0.5486018641810919,
        "2.1": 0.5486018641810919,
        "2.2": 0.5486018641810919,
        "2.5": 0.5486018641810919,
        "2.7": 0.5486018641810919,
        "2.8": 0.45139813581890814,
        "2.9": 0.45139813581890814,
        "3": 0.45139813581890814,
        "10": 0.45139813581890814,
        "100": 0.45139813581890814
    }
}