{
    "best_C": 1,
    "best_score": 0.5224171539961013,
    "best_nonzero_count": 49,
    "metric": "accuracy",
    "scores": {
        "1": 0.5224171539961013,
        "0.3": 0.50682261208577,
        "0.1": 0.49707602339181284,
        "0.05": 0.49902534113060426,
        "0.03": 0.50682261208577,
        "0.02": 0.5263157894736842,
        "0.015": 0.5263157894736842,
        "0.01": 0.5263157894736842,
        "0.007": 0.5263157894736842,
        "0.005": 0.5263157894736842,
        "0.003": 0.5263157894736842,
        "0.002": 0.47368421052631576,
        "0.001": 0.47368421052631576,
        "0.0007": 0.47368421052631576,
        "0.0005": 0.47368421052631576,
        "0.0003": 0.47368421052631576,
        "0.0001": 0.47368421052631576
    }
}