{
    "best_C": 0.005,
    "best_score": 0.5495762711864407,
    "scores": {
        "1": 0.5279661016949152,
        "0.3": 0.5288135593220339,
        "0.1": 0.5351694915254237,
        "0.05": 0.5377118644067796,
        "0.03": 0.5402542372881356,
        "0.02": 0.5417372881355932,
        "0.015": 0.5415254237288135,
        "0.01": 0.5457627118644067,
        "0.007": 0.5463983050847457,
        "0.005": 0.5495762711864407,
        "0.003": 0.5495762711864407,
        "0.002": 0.5495762711864407,
        "0.001": 0.5495762711864407,
        "0.0007": 0.5495762711864407,
        "0.0005": 0.5495762711864407,
        "0.0003": 0.5495762711864407,
        "0.0001": 0.5495762711864407
    }
}