{
    "best_C": 0.005,
    "best_score": 0.5486018641810919,
    "scores": {
        "1": 0.5239680426098535,
        "0.3": 0.5241899689303151,
        "0.1": 0.5299600532623169,
        "0.05": 0.5326231691078562,
        "0.03": 0.5366178428761651,
        "0.02": 0.5355082112738571,
        "0.015": 0.5419440745672437,
        "0.01": 0.5454948956946294,
        "0.007": 0.5481580115401686,
        "0.005": 0.5486018641810919,
        "0.003": 0.5486018641810919,
        "0.002": 0.5486018641810919,
        "0.001": 0.5486018641810919,
        "0.0007": 0.5486018641810919,
        "0.0005": 0.5486018641810919,
        "0.0003": 0.5486018641810919,
        "0.0001": 0.5486018641810919
    }
}