{
    "best_C": 0.007,
    "best_score": 0.4981025755216285,
    "best_nonzero_count": 3,
    "metric": "balanced_accuracy",
    "scores": {
        "1": 0.49562489890919853,
        "0.3": 0.4963571045708637,
        "0.1": 0.4958357842941704,
        "0.05": 0.49432767273199385,
        "0.03": 0.49268864178207034,
        "0.02": 0.4948549768588195,
        "0.015": 0.493833007787709,
        "0.01": 0.49793774764979754,
        "0.007": 0.4981025755216285,
        "0.005": 0.4977473524183096,
        "0.003": 0.5,
        "0.002": 0.5,
        "0.001": 0.5,
        "0.0007": 0.5,
        "0.0005": 0.5,
        "0.0003": 0.5,
        "0.0001": 0.5
    }
}