{
    "best_C": 0.02,
    "best_score": 0.5301204819277109,
    "best_nonzero_count": 1,
    "metric": "accuracy",
    "scores": {
        "1": 0.5080321285140562,
        "0.3": 0.5060240963855421,
        "0.1": 0.5140562248995983,
        "0.05": 0.5281124497991968,
        "0.03": 0.5261044176706827,
        "0.02": 0.5301204819277109,
        "0.015": 0.44779116465863456,
        "0.01": 0.5522088353413654,
        "0.007": 0.5522088353413654,
        "0.005": 0.5522088353413654,
        "0.003": 0.5522088353413654,
        "0.002": 0.5522088353413654,
        "0.001": 0.44779116465863456,
        "0.0007": 0.44779116465863456,
        "0.0005": 0.44779116465863456,
        "0.0003": 0.44779116465863456,
        "0.0001": 0.44779116465863456
    }
}