{
    "best_C": 0.05,
    "best_score": 0.5182648401826484,
    "best_nonzero_count": 10,
    "metric": "accuracy",
    "scores": {
        "1": 0.4908675799086758,
        "0.3": 0.4817351598173516,
        "0.1": 0.5136986301369864,
        "0.05": 0.5182648401826484,
        "0.03": 0.5159817351598174,
        "0.02": 0.4452054794520548,
        "0.015": 0.4452054794520548,
        "0.01": 0.5547945205479452,
        "0.007": 0.5547945205479452,
        "0.005": 0.5547945205479452,
        "0.003": 0.5547945205479452,
        "0.002": 0.4452054794520548,
        "0.001": 0.4452054794520548,
        "0.0007": 0.4452054794520548,
        "0.0005": 0.4452054794520548,
        "0.0003": 0.4452054794520548,
        "0.0001": 0.4452054794520548
    }
}