{
    "best_C": 0.05,
    "best_score": 0.5165165165165165,
    "best_nonzero_count": 7,
    "metric": "accuracy",
    "scores": {
        "1": 0.4774774774774775,
        "0.3": 0.4804804804804805,
        "0.1": 0.4984984984984985,
        "0.05": 0.5165165165165165,
        "0.03": 0.4864864864864865,
        "0.02": 0.5915915915915916,
        "0.015": 0.5915915915915916,
        "0.01": 0.5915915915915916,
        "0.007": 0.5915915915915916,
        "0.005": 0.5915915915915916,
        "0.003": 0.5915915915915916,
        "0.002": 0.5915915915915916,
        "0.001": 0.5915915915915916,
        "0.0007": 0.5915915915915916,
        "0.0005": 0.5915915915915916,
        "0.0003": 0.5915915915915916,
        "0.0001": 0.5915915915915916
    }
}