{
    "best_C": 1,
    "best_score": 0.5,
    "best_nonzero_count": 45,
    "metric": "accuracy",
    "scores": {
        "1": 0.5,
        "0.3": 0.4965034965034965,
        "0.1": 0.4825174825174825,
        "0.05": 0.45454545454545453,
        "0.03": 0.45454545454545453,
        "0.02": 0.527972027972028,
        "0.015": 0.527972027972028,
        "0.01": 0.527972027972028,
        "0.007": 0.527972027972028,
        "0.005": 0.47202797202797203,
        "0.003": 0.527972027972028,
        "0.002": 0.47202797202797203,
        "0.001": 0.47202797202797203,
        "0.0007": 0.47202797202797203,
        "0.0005": 0.47202797202797203,
        "0.0003": 0.47202797202797203,
        "0.0001": 0.47202797202797203
    }
}