{
    "best_C": 0.1,
    "best_score": 0.5131578947368421,
    "best_nonzero_count": 19,
    "metric": "accuracy",
    "scores": {
        "1": 0.48026315789473684,
        "0.3": 0.506578947368421,
        "0.1": 0.5131578947368421,
        "0.05": 0.5087719298245614,
        "0.03": 0.506578947368421,
        "0.02": 0.5043859649122807,
        "0.015": 0.5153508771929824,
        "0.01": 0.5153508771929824,
        "0.007": 0.5153508771929824,
        "0.005": 0.5153508771929824,
        "0.003": 0.5153508771929824,
        "0.002": 0.5153508771929824,
        "0.001": 0.5153508771929824,
        "0.0007": 0.5153508771929824,
        "0.0005": 0.5153508771929824,
        "0.0003": 0.5153508771929824,
        "0.0001": 0.5153508771929824
    }
}