{
    "best_C": 0.03,
    "best_score": 0.510548523206751,
    "best_nonzero_count": 3,
    "metric": "accuracy",
    "scores": {
        "1": 0.5021097046413502,
        "0.3": 0.5,
        "0.1": 0.48523206751054854,
        "0.05": 0.5042194092827004,
        "0.03": 0.510548523206751,
        "0.02": 0.510548523206751,
        "0.015": 0.510548523206751,
        "0.01": 0.510548523206751,
        "0.007": 0.510548523206751,
        "0.005": 0.510548523206751,
        "0.003": 0.510548523206751,
        "0.002": 0.510548523206751,
        "0.001": 0.510548523206751,
        "0.0007": 0.510548523206751,
        "0.0005": 0.48945147679324896,
        "0.0003": 0.48945147679324896,
        "0.0001": 0.48945147679324896
    }
}