{
    "model": "neural_network",
    "metric": "accuracy",
    "validation_accuracy": 0.58675799086758,
    "best_params": {
        "hidden_dim_1": 64,
        "hidden_dim_2": 48,
        "dropout": 0.30000000000000004,
        "learning_rate": 0.0002825420169212646,
        "weight_decay": 6.277845559231943e-06,
        "batch_size": 64
    },
    "best_epoch": 1,
    "selected_variables": 10,
    "test_accuracy": 0.591304347826087
}