{
    "model": "neural_network",
    "metric": "accuracy",
    "validation_accuracy": 0.5607235142118863,
    "best_params": {
        "hidden_dim_1": 64,
        "hidden_dim_2": 40,
        "dropout": 0.5,
        "learning_rate": 0.0017983654011682155,
        "weight_decay": 0.0005500761182892436,
        "batch_size": 32
    },
    "best_epoch": 2,
    "selected_variables": 7,
    "test_accuracy": 0.5882352941176471
}