{
    "best_C": 0.05,
    "best_score": 0.49612403100775193,
    "best_nonzero_count": 6,
    "metric": "accuracy",
    "scores": {
        "1": 0.45478036175710596,
        "0.3": 0.4754521963824289,
        "0.1": 0.4728682170542636,
        "0.05": 0.49612403100775193,
        "0.03": 0.4573643410852713,
        "0.02": 0.5322997416020672,
        "0.015": 0.5322997416020672,
        "0.01": 0.46770025839793283,
        "0.007": 0.46770025839793283,
        "0.005": 0.46770025839793283,
        "0.003": 0.46770025839793283,
        "0.002": 0.46770025839793283,
        "0.001": 0.46770025839793283,
        "0.0007": 0.46770025839793283,
        "0.0005": 0.46770025839793283,
        "0.0003": 0.46770025839793283,
        "0.0001": 0.46770025839793283
    }
}