{
    "best_C": 0.3,
    "best_score": 0.5321100917431193,
    "best_nonzero_count": 25,
    "metric": "accuracy",
    "scores": {
        "1": 0.5321100917431193,
        "0.3": 0.5321100917431193,
        "0.1": 0.48623853211009177,
        "0.05": 0.48623853211009177,
        "0.03": 0.43119266055045874,
        "0.02": 0.5688073394495413,
        "0.015": 0.5688073394495413,
        "0.01": 0.5688073394495413,
        "0.007": 0.5688073394495413,
        "0.005": 0.5688073394495413,
        "0.003": 0.5688073394495413,
        "0.002": 0.5688073394495413,
        "0.001": 0.5688073394495413,
        "0.0007": 0.5688073394495413,
        "0.0005": 0.5688073394495413,
        "0.0003": 0.5688073394495413,
        "0.0001": 0.5688073394495413
    }
}