{
    "best_C": 1,
    "best_score": 0.6111111111111112,
    "best_nonzero_count": 32,
    "metric": "accuracy",
    "scores": {
        "1": 0.6111111111111112,
        "0.3": 0.5972222222222222,
        "0.1": 0.5763888888888888,
        "0.05": 0.5138888888888888,
        "0.03": 0.4930555555555556,
        "0.02": 0.4930555555555556,
        "0.015": 0.4930555555555556,
        "0.01": 0.4930555555555556,
        "0.007": 0.4930555555555556,
        "0.005": 0.4930555555555556,
        "0.003": 0.5069444444444444,
        "0.002": 0.5069444444444444,
        "0.001": 0.5069444444444444,
        "0.0007": 0.5069444444444444,
        "0.0005": 0.5069444444444444,
        "0.0003": 0.5069444444444444,
        "0.0001": 0.5069444444444444
    }
}