model,validation_accuracy,test_accuracy
lasso_logistic,0.5301204819277109,0.6062992125984252
logistic_regression,,0.5984251968503937
random_forest,0.5421686746987951,0.5826771653543307
xgboost,0.5401606425702812,0.5748031496062992
neural_network,0.5682730923694779,0.5590551181102362
null_model,,0.5354330708661418
always_one,,0.5354330708661418
always_zero,,0.4645669291338583
