{
    "best_C": 1,
    "best_score": 0.5214723926380368,
    "best_nonzero_count": 47,
    "metric": "accuracy",
    "scores": {
        "1": 0.5214723926380368,
        "0.3": 0.48057259713701433,
        "0.1": 0.4948875255623722,
        "0.05": 0.48057259713701433,
        "0.03": 0.5010224948875256,
        "0.02": 0.47648261758691207,
        "0.015": 0.47648261758691207,
        "0.01": 0.47648261758691207,
        "0.007": 0.47648261758691207,
        "0.005": 0.47648261758691207,
        "0.003": 0.47648261758691207,
        "0.002": 0.47648261758691207,
        "0.001": 0.523517382413088,
        "0.0007": 0.523517382413088,
        "0.0005": 0.523517382413088,
        "0.0003": 0.523517382413088,
        "0.0001": 0.523517382413088
    }
}