{
    "best_params": {
        "learning_rate": 0.0012844273949249093,
        "units_l1": 654
    },
    "best_value": 0.7329896907216494
}