{
    "best_params": {
        "activation": "ReLU",
        "units_l1": 571,
        "units_l2": 380,
        "units_l3": 59,
        "units_l4": 20,
        "learning_rate": 0.009943627925188199
    },
    "best_value": 0.7268041237113402
}