{
    "best_params": {
        "learning_rate": 0.008434694180941655,
        "units_l1": 671
    },
    "best_value": 0.6463917525773196
}