{
    "model": "neural_network",
    "metric": "accuracy",
    "validation_accuracy": 0.6454183266932271,
    "best_params": {
        "hidden_dim_1": 32,
        "hidden_dim_2": 40,
        "dropout": 0.0,
        "learning_rate": 0.004210344550864326,
        "weight_decay": 3.4242538898001203e-05,
        "batch_size": 16
    },
    "best_epoch": 2,
    "selected_variables": 7,
    "test_accuracy": 0.2463768115942029
}