model,validation_accuracy,test_accuracy
neural_network,0.58675799086758,0.591304347826087
xgboost,0.5319634703196348,0.5826086956521739
null_model,,0.5565217391304348
always_one,,0.5565217391304348
random_forest,0.5091324200913242,0.5565217391304348
lasso_logistic,0.5182648401826484,0.5304347826086957
logistic_regression,,0.5043478260869565
always_zero,,0.4434782608695652
