model,validation_accuracy,test_accuracy
null_model,,0.5565217391304348
always_one,,0.5565217391304348
lasso_logistic,0.5182648401826484,0.5304347826086957
always_zero,,0.4434782608695652
