{
    "best_C": 0.05,
    "best_score": 0.5697211155378487,
    "best_nonzero_count": 5,
    "metric": "accuracy",
    "scores": {
        "1": 0.4940239043824701,
        "0.3": 0.5298804780876494,
        "0.1": 0.5298804780876494,
        "0.05": 0.5697211155378487,
        "0.03": 0.549800796812749,
        "0.02": 0.549800796812749,
        "0.015": 0.4063745019920319,
        "0.01": 0.4063745019920319,
        "0.007": 0.4063745019920319,
        "0.005": 0.5936254980079682,
        "0.003": 0.5936254980079682,
        "0.002": 0.5936254980079682,
        "0.001": 0.4063745019920319,
        "0.0007": 0.4063745019920319,
        "0.0005": 0.4063745019920319,
        "0.0003": 0.4063745019920319,
        "0.0001": 0.4063745019920319
    }
}